{"0": -0.00823075, "1": -0.0069388, "2": -0.006831, "3": -0.00567, "4": -0.00430775, "5": -0.00478535, "6": -0.0034124, "7": -0.00314695, "8": -0.00223225, "9": -0.00167365, "10": -0.00081995, "11": -0.0009852, "12": -0.0015838, "13": -0.0008623, "14": -0.0011823, "15": -0.0012751, "16": -0.00149605, "17": -0.00168775, "18": -0.0022119, "19": -0.00237995, "-2": -0.0105263, "-16": -0.0179122, "-15": -0.01643175, "-14": -0.01639795, "-13": -0.01702955, "-12": -0.01732575, "-11": -0.0165528, "-10": -0.01502065, "-9": -0.0152904, "-8": -0.01462835, "-7": -0.0142833, "-6": -0.0139982, "-5": -0.0135697, "-4": -0.012186, "-3": -0.0114113, "-1": -0.0093503}